Origin,Bulk,Rep,Trmt,TOD,Dead
Inshore,1,1,Control,24,1
Inshore,1,1,Control,24,1
Inshore,1,1,Control,24,1
Inshore,1,1,Control,48,1
Inshore,1,1,Control,96,1
Inshore,1,1,Control,96,1
Inshore,1,1,Control,96,0
Inshore,1,1,Control,96,0
Inshore,1,1,Control,96,0
Inshore,1,1,Control,96,0
Inshore,1,2,Control,48,1
Inshore,1,2,Control,72,1
Inshore,1,2,Control,96,1
Inshore,1,2,Control,96,0
Inshore,1,2,Control,96,0
Inshore,1,2,Control,96,0
Inshore,1,2,Control,96,0
Inshore,1,2,Control,96,0
Inshore,1,2,Control,96,0
Inshore,1,2,Control,96,0
Inshore,1,3,Control,24,1
Inshore,1,3,Control,24,1
Inshore,1,3,Control,24,1
Inshore,1,3,Control,96,0
Inshore,1,3,Control,96,0
Inshore,1,3,Control,96,0
Inshore,1,3,Control,96,0
Inshore,1,3,Control,96,0
Inshore,1,3,Control,96,0
Inshore,1,3,Control,96,0
Inshore,1,4,Control,24,1
Inshore,1,4,Control,24,1
Inshore,1,4,Control,48,1
Inshore,1,4,Control,48,1
Inshore,1,4,Control,96,0
Inshore,1,4,Control,96,0
Inshore,1,4,Control,96,0
Inshore,1,4,Control,96,0
Inshore,1,4,Control,96,0
Inshore,1,4,Control,96,0
Inshore,1,5,Control,24,1
Inshore,1,5,Control,24,1
Inshore,1,5,Control,24,1
Inshore,1,5,Control,24,1
Inshore,1,5,Control,96,0
Inshore,1,5,Control,96,0
Inshore,1,5,Control,96,0
Inshore,1,5,Control,96,0
Inshore,1,5,Control,96,0
Inshore,1,5,Control,96,0
Inshore,1,6,Control,24,1
Inshore,1,6,Control,96,0
Inshore,1,6,Control,96,0
Inshore,1,6,Control,96,0
Inshore,1,6,Control,96,0
Inshore,1,6,Control,96,0
Inshore,1,6,Control,96,0
Inshore,1,6,Control,96,0
Inshore,1,6,Control,96,0
Inshore,1,6,Control,96,0
Inshore,2,7,Control,96,1
Inshore,2,7,Control,96,1
Inshore,2,7,Control,96,0
Inshore,2,7,Control,96,0
Inshore,2,7,Control,96,0
Inshore,2,7,Control,96,0
Inshore,2,7,Control,96,0
Inshore,2,7,Control,96,0
Inshore,2,7,Control,96,0
Inshore,2,7,Control,96,0
Inshore,2,8,Control,24,1
Inshore,2,8,Control,24,1
Inshore,2,8,Control,24,1
Inshore,2,8,Control,96,0
Inshore,2,8,Control,96,0
Inshore,2,8,Control,96,0
Inshore,2,8,Control,96,0
Inshore,2,8,Control,96,0
Inshore,2,8,Control,96,0
Inshore,2,8,Control,96,0
Inshore,2,9,Control,96,1
Inshore,2,9,Control,96,0
Inshore,2,9,Control,96,0
Inshore,2,9,Control,96,0
Inshore,2,9,Control,96,0
Inshore,2,9,Control,96,0
Inshore,2,9,Control,96,0
Inshore,2,9,Control,96,0
Inshore,2,9,Control,96,0
Inshore,2,9,Control,96,0
Inshore,2,10,Control,96,1
Inshore,2,10,Control,96,0
Inshore,2,10,Control,96,0
Inshore,2,10,Control,96,0
Inshore,2,10,Control,96,0
Inshore,2,10,Control,96,0
Inshore,2,10,Control,96,0
Inshore,2,10,Control,96,0
Inshore,2,10,Control,96,0
Inshore,2,10,Control,96,0
Inshore,2,11,Control,24,1
Inshore,2,11,Control,24,1
Inshore,2,11,Control,24,1
Inshore,2,11,Control,24,1
Inshore,2,11,Control,24,1
Inshore,2,11,Control,24,1
Inshore,2,11,Control,24,1
Inshore,2,11,Control,72,1
Inshore,2,11,Control,96,0
Inshore,2,11,Control,96,0
Inshore,2,12,Control,24,1
Inshore,2,12,Control,24,1
Inshore,2,12,Control,24,1
Inshore,2,12,Control,96,0
Inshore,2,12,Control,96,0
Inshore,2,12,Control,96,0
Inshore,2,12,Control,96,0
Inshore,2,12,Control,96,0
Inshore,2,12,Control,96,0
Inshore,2,12,Control,96,0
Inshore,3,13,Control,96,1
Inshore,3,13,Control,96,1
Inshore,3,13,Control,96,1
Inshore,3,13,Control,96,1
Inshore,3,13,Control,96,1
Inshore,3,13,Control,96,1
Inshore,3,13,Control,96,1
Inshore,3,13,Control,96,0
Inshore,3,13,Control,96,0
Inshore,3,13,Control,96,0
Inshore,3,14,Control,24,1
Inshore,3,14,Control,24,1
Inshore,3,14,Control,48,1
Inshore,3,14,Control,48,1
Inshore,3,14,Control,72,1
Inshore,3,14,Control,96,0
Inshore,3,14,Control,96,0
Inshore,3,14,Control,96,0
Inshore,3,14,Control,96,0
Inshore,3,14,Control,96,0
Inshore,3,15,Control,96,NA
Inshore,3,15,Control,96,NA
Inshore,3,15,Control,96,NA
Inshore,3,15,Control,96,NA
Inshore,3,15,Control,96,NA
Inshore,3,15,Control,96,NA
Inshore,3,15,Control,96,NA
Inshore,3,15,Control,96,NA
Inshore,3,15,Control,96,NA
Inshore,3,15,Control,96,NA
Inshore,3,16,Control,96,0
Inshore,3,16,Control,96,0
Inshore,3,16,Control,96,0
Inshore,3,16,Control,96,0
Inshore,3,16,Control,96,0
Inshore,3,16,Control,96,0
Inshore,3,16,Control,96,0
Inshore,3,16,Control,96,0
Inshore,3,16,Control,96,0
Inshore,3,16,Control,96,0
Inshore,3,17,Control,96,0
Inshore,3,17,Control,96,0
Inshore,3,17,Control,96,0
Inshore,3,17,Control,96,0
Inshore,3,17,Control,96,0
Inshore,3,17,Control,96,0
Inshore,3,17,Control,96,0
Inshore,3,17,Control,96,0
Inshore,3,17,Control,96,0
Inshore,3,17,Control,96,0
Inshore,3,18,Control,96,NA
Inshore,3,18,Control,96,NA
Inshore,3,18,Control,96,NA
Inshore,3,18,Control,96,NA
Inshore,3,18,Control,96,NA
Inshore,3,18,Control,96,NA
Inshore,3,18,Control,96,NA
Inshore,3,18,Control,96,NA
Inshore,3,18,Control,96,NA
Inshore,3,18,Control,96,NA
Offshore,1,19,Control,96,1
Offshore,1,19,Control,96,1
Offshore,1,19,Control,96,1
Offshore,1,19,Control,96,0
Offshore,1,19,Control,96,0
Offshore,1,19,Control,96,0
Offshore,1,19,Control,96,0
Offshore,1,19,Control,96,0
Offshore,1,19,Control,96,0
Offshore,1,19,Control,96,0
Offshore,1,20,Control,96,1
Offshore,1,20,Control,96,1
Offshore,1,20,Control,96,1
Offshore,1,20,Control,96,1
Offshore,1,20,Control,96,0
Offshore,1,20,Control,96,0
Offshore,1,20,Control,96,0
Offshore,1,20,Control,96,0
Offshore,1,20,Control,96,0
Offshore,1,20,Control,96,0
Offshore,1,21,Control,48,1
Offshore,1,21,Control,96,1
Offshore,1,21,Control,96,0
Offshore,1,21,Control,96,0
Offshore,1,21,Control,96,0
Offshore,1,21,Control,96,0
Offshore,1,21,Control,96,0
Offshore,1,21,Control,96,0
Offshore,1,21,Control,96,0
Offshore,1,21,Control,96,0
Offshore,1,22,Control,96,1
Offshore,1,22,Control,96,1
Offshore,1,22,Control,96,0
Offshore,1,22,Control,96,0
Offshore,1,22,Control,96,0
Offshore,1,22,Control,96,0
Offshore,1,22,Control,96,0
Offshore,1,22,Control,96,0
Offshore,1,22,Control,96,0
Offshore,1,22,Control,96,0
Offshore,1,23,Control,24,1
Offshore,1,23,Control,96,0
Offshore,1,23,Control,96,0
Offshore,1,23,Control,96,0
Offshore,1,23,Control,96,0
Offshore,1,23,Control,96,0
Offshore,1,23,Control,96,0
Offshore,1,23,Control,96,0
Offshore,1,23,Control,96,0
Offshore,1,23,Control,96,0
Offshore,1,24,Control,24,1
Offshore,1,24,Control,24,1
Offshore,1,24,Control,96,0
Offshore,1,24,Control,96,0
Offshore,1,24,Control,96,0
Offshore,1,24,Control,96,0
Offshore,1,24,Control,96,0
Offshore,1,24,Control,96,0
Offshore,1,24,Control,96,0
Offshore,1,24,Control,96,0
Offshore,2,25,Control,72,1
Offshore,2,25,Control,96,1
Offshore,2,25,Control,96,0
Offshore,2,25,Control,96,0
Offshore,2,25,Control,96,0
Offshore,2,25,Control,96,0
Offshore,2,25,Control,96,0
Offshore,2,25,Control,96,0
Offshore,2,25,Control,96,0
Offshore,2,25,Control,96,0
Offshore,2,26,Control,96,1
Offshore,2,26,Control,96,1
Offshore,2,26,Control,96,0
Offshore,2,26,Control,96,0
Offshore,2,26,Control,96,0
Offshore,2,26,Control,96,0
Offshore,2,26,Control,96,0
Offshore,2,26,Control,96,0
Offshore,2,26,Control,96,0
Offshore,2,26,Control,96,0
Offshore,2,27,Control,96,1
Offshore,2,27,Control,96,0
Offshore,2,27,Control,96,0
Offshore,2,27,Control,96,0
Offshore,2,27,Control,96,0
Offshore,2,27,Control,96,0
Offshore,2,27,Control,96,0
Offshore,2,27,Control,96,0
Offshore,2,27,Control,96,0
Offshore,2,27,Control,96,0
Offshore,2,28,Control,24,1
Offshore,2,28,Control,96,0
Offshore,2,28,Control,96,0
Offshore,2,28,Control,96,0
Offshore,2,28,Control,96,0
Offshore,2,28,Control,96,0
Offshore,2,28,Control,96,0
Offshore,2,28,Control,96,0
Offshore,2,28,Control,96,0
Offshore,2,28,Control,96,0
Offshore,2,29,Control,96,0
Offshore,2,29,Control,96,0
Offshore,2,29,Control,96,0
Offshore,2,29,Control,96,0
Offshore,2,29,Control,96,0
Offshore,2,29,Control,96,0
Offshore,2,29,Control,96,0
Offshore,2,29,Control,96,0
Offshore,2,29,Control,96,0
Offshore,2,29,Control,96,0
Offshore,2,30,Control,24,1
Offshore,2,30,Control,96,0
Offshore,2,30,Control,96,0
Offshore,2,30,Control,96,0
Offshore,2,30,Control,96,0
Offshore,2,30,Control,96,0
Offshore,2,30,Control,96,0
Offshore,2,30,Control,96,0
Offshore,2,30,Control,96,0
Offshore,2,30,Control,96,0
Offshore,3,31,Control,96,1
Offshore,3,31,Control,96,1
Offshore,3,31,Control,96,1
Offshore,3,31,Control,96,1
Offshore,3,31,Control,96,1
Offshore,3,31,Control,96,1
Offshore,3,31,Control,96,1
Offshore,3,31,Control,96,1
Offshore,3,31,Control,96,0
Offshore,3,31,Control,96,0
Offshore,3,32,Control,96,1
Offshore,3,32,Control,96,1
Offshore,3,32,Control,96,1
Offshore,3,32,Control,96,1
Offshore,3,32,Control,96,1
Offshore,3,32,Control,96,1
Offshore,3,32,Control,96,0
Offshore,3,32,Control,96,0
Offshore,3,32,Control,96,0
Offshore,3,32,Control,96,0
Offshore,3,33,Control,96,0
Offshore,3,33,Control,96,0
Offshore,3,33,Control,96,0
Offshore,3,33,Control,96,0
Offshore,3,33,Control,96,0
Offshore,3,33,Control,96,0
Offshore,3,33,Control,96,0
Offshore,3,33,Control,96,0
Offshore,3,33,Control,96,0
Offshore,3,33,Control,96,0
Offshore,3,34,Control,48,1
Offshore,3,34,Control,96,0
Offshore,3,34,Control,96,0
Offshore,3,34,Control,96,0
Offshore,3,34,Control,96,0
Offshore,3,34,Control,96,0
Offshore,3,34,Control,96,0
Offshore,3,34,Control,96,0
Offshore,3,34,Control,96,0
Offshore,3,34,Control,96,0
Offshore,3,35,Control,24,1
Offshore,3,35,Control,96,0
Offshore,3,35,Control,96,0
Offshore,3,35,Control,96,0
Offshore,3,35,Control,96,0
Offshore,3,35,Control,96,0
Offshore,3,35,Control,96,0
Offshore,3,35,Control,96,0
Offshore,3,35,Control,96,0
Offshore,3,35,Control,96,0
Offshore,3,36,Control,96,0
Offshore,3,36,Control,96,0
Offshore,3,36,Control,96,0
Offshore,3,36,Control,96,0
Offshore,3,36,Control,96,0
Offshore,3,36,Control,96,0
Offshore,3,36,Control,96,0
Offshore,3,36,Control,96,0
Offshore,3,36,Control,96,0
Offshore,3,36,Control,96,0
Cross,1,37,Control,96,1
Cross,1,37,Control,96,1
Cross,1,37,Control,96,1
Cross,1,37,Control,96,1
Cross,1,37,Control,96,0
Cross,1,37,Control,96,0
Cross,1,37,Control,96,0
Cross,1,37,Control,96,0
Cross,1,37,Control,96,0
Cross,1,37,Control,96,0
Cross,1,38,Control,96,0
Cross,1,38,Control,96,0
Cross,1,38,Control,96,0
Cross,1,38,Control,96,0
Cross,1,38,Control,96,0
Cross,1,38,Control,96,0
Cross,1,38,Control,96,0
Cross,1,38,Control,96,0
Cross,1,38,Control,96,0
Cross,1,38,Control,96,0
Cross,1,39,Control,24,1
Cross,1,39,Control,96,0
Cross,1,39,Control,96,0
Cross,1,39,Control,96,0
Cross,1,39,Control,96,0
Cross,1,39,Control,96,0
Cross,1,39,Control,96,0
Cross,1,39,Control,96,0
Cross,1,39,Control,96,0
Cross,1,39,Control,96,0
Cross,1,40,Control,24,1
Cross,1,40,Control,24,1
Cross,1,40,Control,96,1
Cross,1,40,Control,96,0
Cross,1,40,Control,96,0
Cross,1,40,Control,96,0
Cross,1,40,Control,96,0
Cross,1,40,Control,96,0
Cross,1,40,Control,96,0
Cross,1,40,Control,96,0
Cross,1,41,Control,48,1
Cross,1,41,Control,96,0
Cross,1,41,Control,96,0
Cross,1,41,Control,96,0
Cross,1,41,Control,96,0
Cross,1,41,Control,96,0
Cross,1,41,Control,96,0
Cross,1,41,Control,96,0
Cross,1,41,Control,96,0
Cross,1,41,Control,96,0
Cross,1,42,Control,48,1
Cross,1,42,Control,96,0
Cross,1,42,Control,96,0
Cross,1,42,Control,96,0
Cross,1,42,Control,96,0
Cross,1,42,Control,96,0
Cross,1,42,Control,96,0
Cross,1,42,Control,96,0
Cross,1,42,Control,96,0
Cross,1,42,Control,96,0
Cross,2,43,Control,48,1
Cross,2,43,Control,96,0
Cross,2,43,Control,96,0
Cross,2,43,Control,96,0
Cross,2,43,Control,96,0
Cross,2,43,Control,96,0
Cross,2,43,Control,96,0
Cross,2,43,Control,96,0
Cross,2,43,Control,96,0
Cross,2,43,Control,96,0
Cross,2,44,Control,72,1
Cross,2,44,Control,96,1
Cross,2,44,Control,96,1
Cross,2,44,Control,96,0
Cross,2,44,Control,96,0
Cross,2,44,Control,96,0
Cross,2,44,Control,96,0
Cross,2,44,Control,96,0
Cross,2,44,Control,96,0
Cross,2,44,Control,96,0
Cross,2,45,Control,96,1
Cross,2,45,Control,96,0
Cross,2,45,Control,96,0
Cross,2,45,Control,96,0
Cross,2,45,Control,96,0
Cross,2,45,Control,96,0
Cross,2,45,Control,96,0
Cross,2,45,Control,96,0
Cross,2,45,Control,96,0
Cross,2,45,Control,96,0
Cross,2,46,Control,24,1
Cross,2,46,Control,72,1
Cross,2,46,Control,96,0
Cross,2,46,Control,96,0
Cross,2,46,Control,96,0
Cross,2,46,Control,96,0
Cross,2,46,Control,96,0
Cross,2,46,Control,96,0
Cross,2,46,Control,96,0
Cross,2,46,Control,96,0
Cross,2,47,Control,96,0
Cross,2,47,Control,96,0
Cross,2,47,Control,96,0
Cross,2,47,Control,96,0
Cross,2,47,Control,96,0
Cross,2,47,Control,96,0
Cross,2,47,Control,96,0
Cross,2,47,Control,96,0
Cross,2,47,Control,96,0
Cross,2,47,Control,96,0
Cross,2,48,Control,96,0
Cross,2,48,Control,96,0
Cross,2,48,Control,96,0
Cross,2,48,Control,96,0
Cross,2,48,Control,96,0
Cross,2,48,Control,96,0
Cross,2,48,Control,96,0
Cross,2,48,Control,96,0
Cross,2,48,Control,96,0
Cross,2,48,Control,96,0
Cross,3,49,Control,96,NA
Cross,3,49,Control,96,NA
Cross,3,49,Control,96,NA
Cross,3,49,Control,96,NA
Cross,3,49,Control,96,NA
Cross,3,49,Control,96,NA
Cross,3,49,Control,96,NA
Cross,3,49,Control,96,NA
Cross,3,49,Control,96,NA
Cross,3,49,Control,96,NA
Cross,3,50,Control,96,1
Cross,3,50,Control,96,1
Cross,3,50,Control,96,0
Cross,3,50,Control,96,0
Cross,3,50,Control,96,0
Cross,3,50,Control,96,0
Cross,3,50,Control,96,0
Cross,3,50,Control,96,0
Cross,3,50,Control,96,0
Cross,3,50,Control,96,0
Cross,3,51,Control,96,1
Cross,3,51,Control,96,0
Cross,3,51,Control,96,0
Cross,3,51,Control,96,0
Cross,3,51,Control,96,0
Cross,3,51,Control,96,0
Cross,3,51,Control,96,0
Cross,3,51,Control,96,0
Cross,3,51,Control,96,0
Cross,3,51,Control,96,0
Cross,3,52,Control,24,1
Cross,3,52,Control,24,1
Cross,3,52,Control,24,1
Cross,3,52,Control,24,1
Cross,3,52,Control,24,1
Cross,3,52,Control,24,1
Cross,3,52,Control,24,1
Cross,3,52,Control,24,1
Cross,3,52,Control,24,1
Cross,3,52,Control,96,0
Cross,3,53,Control,72,1
Cross,3,53,Control,96,0
Cross,3,53,Control,96,0
Cross,3,53,Control,96,0
Cross,3,53,Control,96,0
Cross,3,53,Control,96,0
Cross,3,53,Control,96,0
Cross,3,53,Control,96,0
Cross,3,53,Control,96,0
Cross,3,53,Control,96,0
Cross,3,54,Control,48,1
Cross,3,54,Control,96,0
Cross,3,54,Control,96,0
Cross,3,54,Control,96,0
Cross,3,54,Control,96,0
Cross,3,54,Control,96,0
Cross,3,54,Control,96,0
Cross,3,54,Control,96,0
Cross,3,54,Control,96,0
Cross,3,54,Control,96,0
Inshore,1,55,Heat,24,1
Inshore,1,55,Heat,24,1
Inshore,1,55,Heat,24,1
Inshore,1,55,Heat,24,1
Inshore,1,55,Heat,24,1
Inshore,1,55,Heat,24,1
Inshore,1,55,Heat,24,1
Inshore,1,55,Heat,96,0
Inshore,1,55,Heat,96,0
Inshore,1,55,Heat,96,0
Inshore,1,56,Heat,96,NA
Inshore,1,56,Heat,96,NA
Inshore,1,56,Heat,96,NA
Inshore,1,56,Heat,96,NA
Inshore,1,56,Heat,96,NA
Inshore,1,56,Heat,96,NA
Inshore,1,56,Heat,96,NA
Inshore,1,56,Heat,96,NA
Inshore,1,56,Heat,96,NA
Inshore,1,56,Heat,96,NA
Inshore,1,57,Heat,24,1
Inshore,1,57,Heat,24,1
Inshore,1,57,Heat,48,1
Inshore,1,57,Heat,48,1
Inshore,1,57,Heat,96,1
Inshore,1,57,Heat,96,1
Inshore,1,57,Heat,96,1
Inshore,1,57,Heat,96,0
Inshore,1,57,Heat,96,0
Inshore,1,57,Heat,96,0
Inshore,1,58,Heat,24,1
Inshore,1,58,Heat,24,1
Inshore,1,58,Heat,24,1
Inshore,1,58,Heat,24,1
Inshore,1,58,Heat,24,1
Inshore,1,58,Heat,48,1
Inshore,1,58,Heat,72,1
Inshore,1,58,Heat,96,1
Inshore,1,58,Heat,96,0
Inshore,1,58,Heat,96,0
Inshore,1,59,Heat,24,1
Inshore,1,59,Heat,24,1
Inshore,1,59,Heat,24,1
Inshore,1,59,Heat,24,1
Inshore,1,59,Heat,24,1
Inshore,1,59,Heat,24,1
Inshore,1,59,Heat,24,1
Inshore,1,59,Heat,48,1
Inshore,1,59,Heat,96,0
Inshore,1,59,Heat,96,0
Inshore,1,60,Heat,96,NA
Inshore,1,60,Heat,96,NA
Inshore,1,60,Heat,96,NA
Inshore,1,60,Heat,96,NA
Inshore,1,60,Heat,96,NA
Inshore,1,60,Heat,96,NA
Inshore,1,60,Heat,96,NA
Inshore,1,60,Heat,96,NA
Inshore,1,60,Heat,96,NA
Inshore,1,60,Heat,96,NA
Inshore,2,61,Heat,48,1
Inshore,2,61,Heat,48,1
Inshore,2,61,Heat,48,1
Inshore,2,61,Heat,96,1
Inshore,2,61,Heat,96,0
Inshore,2,61,Heat,96,0
Inshore,2,61,Heat,96,0
Inshore,2,61,Heat,96,0
Inshore,2,61,Heat,96,0
Inshore,2,61,Heat,96,0
Inshore,2,62,Heat,24,1
Inshore,2,62,Heat,72,1
Inshore,2,62,Heat,72,1
Inshore,2,62,Heat,72,1
Inshore,2,62,Heat,96,1
Inshore,2,62,Heat,96,1
Inshore,2,62,Heat,96,0
Inshore,2,62,Heat,96,0
Inshore,2,62,Heat,96,0
Inshore,2,62,Heat,96,0
Inshore,2,63,Heat,24,1
Inshore,2,63,Heat,24,1
Inshore,2,63,Heat,24,1
Inshore,2,63,Heat,24,1
Inshore,2,63,Heat,24,1
Inshore,2,63,Heat,48,1
Inshore,2,63,Heat,96,1
Inshore,2,63,Heat,96,1
Inshore,2,63,Heat,96,0
Inshore,2,63,Heat,96,0
Inshore,2,64,Heat,24,1
Inshore,2,64,Heat,48,1
Inshore,2,64,Heat,72,1
Inshore,2,64,Heat,72,1
Inshore,2,64,Heat,96,1
Inshore,2,64,Heat,96,1
Inshore,2,64,Heat,96,0
Inshore,2,64,Heat,96,0
Inshore,2,64,Heat,96,0
Inshore,2,64,Heat,96,0
Inshore,2,65,Heat,24,1
Inshore,2,65,Heat,48,1
Inshore,2,65,Heat,72,1
Inshore,2,65,Heat,72,1
Inshore,2,65,Heat,96,0
Inshore,2,65,Heat,96,0
Inshore,2,65,Heat,96,0
Inshore,2,65,Heat,96,0
Inshore,2,65,Heat,96,0
Inshore,2,65,Heat,96,0
Inshore,2,66,Heat,24,1
Inshore,2,66,Heat,24,1
Inshore,2,66,Heat,24,1
Inshore,2,66,Heat,24,1
Inshore,2,66,Heat,24,1
Inshore,2,66,Heat,72,1
Inshore,2,66,Heat,96,0
Inshore,2,66,Heat,96,0
Inshore,2,66,Heat,96,0
Inshore,2,66,Heat,96,0
Inshore,3,67,Heat,24,1
Inshore,3,67,Heat,48,1
Inshore,3,67,Heat,48,1
Inshore,3,67,Heat,96,1
Inshore,3,67,Heat,96,1
Inshore,3,67,Heat,96,0
Inshore,3,67,Heat,96,0
Inshore,3,67,Heat,96,0
Inshore,3,67,Heat,96,0
Inshore,3,67,Heat,96,0
Inshore,3,68,Heat,96,1
Inshore,3,68,Heat,96,1
Inshore,3,68,Heat,96,1
Inshore,3,68,Heat,96,1
Inshore,3,68,Heat,96,1
Inshore,3,68,Heat,96,0
Inshore,3,68,Heat,96,0
Inshore,3,68,Heat,96,0
Inshore,3,68,Heat,96,0
Inshore,3,68,Heat,96,0
Inshore,3,69,Heat,24,1
Inshore,3,69,Heat,24,1
Inshore,3,69,Heat,24,1
Inshore,3,69,Heat,24,1
Inshore,3,69,Heat,24,1
Inshore,3,69,Heat,24,1
Inshore,3,69,Heat,96,1
Inshore,3,69,Heat,96,0
Inshore,3,69,Heat,96,0
Inshore,3,69,Heat,96,0
Inshore,3,70,Heat,48,1
Inshore,3,70,Heat,72,1
Inshore,3,70,Heat,72,1
Inshore,3,70,Heat,72,1
Inshore,3,70,Heat,96,1
Inshore,3,70,Heat,96,1
Inshore,3,70,Heat,96,1
Inshore,3,70,Heat,96,0
Inshore,3,70,Heat,96,0
Inshore,3,70,Heat,96,0
Inshore,3,71,Heat,24,1
Inshore,3,71,Heat,24,1
Inshore,3,71,Heat,24,1
Inshore,3,71,Heat,24,1
Inshore,3,71,Heat,24,1
Inshore,3,71,Heat,24,1
Inshore,3,71,Heat,96,0
Inshore,3,71,Heat,96,0
Inshore,3,71,Heat,96,0
Inshore,3,71,Heat,96,0
Inshore,3,72,Heat,24,1
Inshore,3,72,Heat,24,1
Inshore,3,72,Heat,24,1
Inshore,3,72,Heat,24,1
Inshore,3,72,Heat,24,1
Inshore,3,72,Heat,24,1
Inshore,3,72,Heat,24,1
Inshore,3,72,Heat,24,1
Inshore,3,72,Heat,96,0
Inshore,3,72,Heat,96,0
Offshore,1,73,Heat,24,1
Offshore,1,73,Heat,24,1
Offshore,1,73,Heat,24,1
Offshore,1,73,Heat,96,1
Offshore,1,73,Heat,96,1
Offshore,1,73,Heat,96,0
Offshore,1,73,Heat,96,0
Offshore,1,73,Heat,96,0
Offshore,1,73,Heat,96,0
Offshore,1,73,Heat,96,0
Offshore,1,74,Heat,24,1
Offshore,1,74,Heat,24,1
Offshore,1,74,Heat,24,1
Offshore,1,74,Heat,24,1
Offshore,1,74,Heat,72,1
Offshore,1,74,Heat,96,1
Offshore,1,74,Heat,96,0
Offshore,1,74,Heat,96,0
Offshore,1,74,Heat,96,0
Offshore,1,74,Heat,96,0
Offshore,1,75,Heat,48,1
Offshore,1,75,Heat,48,1
Offshore,1,75,Heat,96,1
Offshore,1,75,Heat,96,1
Offshore,1,75,Heat,96,1
Offshore,1,75,Heat,96,1
Offshore,1,75,Heat,96,0
Offshore,1,75,Heat,96,0
Offshore,1,75,Heat,96,0
Offshore,1,75,Heat,96,0
Offshore,1,76,Heat,24,1
Offshore,1,76,Heat,24,1
Offshore,1,76,Heat,72,1
Offshore,1,76,Heat,96,0
Offshore,1,76,Heat,96,0
Offshore,1,76,Heat,96,0
Offshore,1,76,Heat,96,0
Offshore,1,76,Heat,96,0
Offshore,1,76,Heat,96,0
Offshore,1,76,Heat,96,0
Offshore,1,77,Heat,24,1
Offshore,1,77,Heat,24,1
Offshore,1,77,Heat,24,1
Offshore,1,77,Heat,24,1
Offshore,1,77,Heat,96,0
Offshore,1,77,Heat,96,0
Offshore,1,77,Heat,96,0
Offshore,1,77,Heat,96,0
Offshore,1,77,Heat,96,0
Offshore,1,77,Heat,96,0
Offshore,1,78,Heat,24,1
Offshore,1,78,Heat,48,1
Offshore,1,78,Heat,96,0
Offshore,1,78,Heat,96,0
Offshore,1,78,Heat,96,0
Offshore,1,78,Heat,96,0
Offshore,1,78,Heat,96,0
Offshore,1,78,Heat,96,0
Offshore,1,78,Heat,96,0
Offshore,1,78,Heat,96,0
Offshore,2,79,Heat,24,1
Offshore,2,79,Heat,24,1
Offshore,2,79,Heat,72,1
Offshore,2,79,Heat,72,1
Offshore,2,79,Heat,96,1
Offshore,2,79,Heat,96,0
Offshore,2,79,Heat,96,0
Offshore,2,79,Heat,96,0
Offshore,2,79,Heat,96,0
Offshore,2,79,Heat,96,0
Offshore,2,80,Heat,24,1
Offshore,2,80,Heat,24,1
Offshore,2,80,Heat,72,1
Offshore,2,80,Heat,96,1
Offshore,2,80,Heat,96,0
Offshore,2,80,Heat,96,0
Offshore,2,80,Heat,96,0
Offshore,2,80,Heat,96,0
Offshore,2,80,Heat,96,0
Offshore,2,80,Heat,96,0
Offshore,2,81,Heat,24,1
Offshore,2,81,Heat,24,1
Offshore,2,81,Heat,96,0
Offshore,2,81,Heat,96,0
Offshore,2,81,Heat,96,0
Offshore,2,81,Heat,96,0
Offshore,2,81,Heat,96,0
Offshore,2,81,Heat,96,0
Offshore,2,81,Heat,96,0
Offshore,2,81,Heat,96,0
Offshore,2,82,Heat,48,1
Offshore,2,82,Heat,48,1
Offshore,2,82,Heat,48,1
Offshore,2,82,Heat,96,1
Offshore,2,82,Heat,96,1
Offshore,2,82,Heat,96,1
Offshore,2,82,Heat,96,1
Offshore,2,82,Heat,96,0
Offshore,2,82,Heat,96,0
Offshore,2,82,Heat,96,0
Offshore,2,83,Heat,24,1
Offshore,2,83,Heat,24,1
Offshore,2,83,Heat,48,1
Offshore,2,83,Heat,72,1
Offshore,2,83,Heat,72,1
Offshore,2,83,Heat,96,1
Offshore,2,83,Heat,96,0
Offshore,2,83,Heat,96,0
Offshore,2,83,Heat,96,0
Offshore,2,83,Heat,96,0
Offshore,2,84,Heat,48,1
Offshore,2,84,Heat,48,1
Offshore,2,84,Heat,48,1
Offshore,2,84,Heat,72,1
Offshore,2,84,Heat,72,1
Offshore,2,84,Heat,72,1
Offshore,2,84,Heat,72,1
Offshore,2,84,Heat,96,1
Offshore,2,84,Heat,96,0
Offshore,2,84,Heat,96,0
Offshore,3,85,Heat,24,1
Offshore,3,85,Heat,24,1
Offshore,3,85,Heat,24,1
Offshore,3,85,Heat,24,1
Offshore,3,85,Heat,72,1
Offshore,3,85,Heat,96,0
Offshore,3,85,Heat,96,0
Offshore,3,85,Heat,96,0
Offshore,3,85,Heat,96,0
Offshore,3,85,Heat,96,0
Offshore,3,86,Heat,24,1
Offshore,3,86,Heat,24,1
Offshore,3,86,Heat,24,1
Offshore,3,86,Heat,24,1
Offshore,3,86,Heat,24,1
Offshore,3,86,Heat,96,1
Offshore,3,86,Heat,96,0
Offshore,3,86,Heat,96,0
Offshore,3,86,Heat,96,0
Offshore,3,86,Heat,96,0
Offshore,3,87,Heat,24,1
Offshore,3,87,Heat,24,1
Offshore,3,87,Heat,24,1
Offshore,3,87,Heat,48,1
Offshore,3,87,Heat,96,1
Offshore,3,87,Heat,96,1
Offshore,3,87,Heat,96,1
Offshore,3,87,Heat,96,0
Offshore,3,87,Heat,96,0
Offshore,3,87,Heat,96,0
Offshore,3,88,Heat,24,1
Offshore,3,88,Heat,24,1
Offshore,3,88,Heat,48,1
Offshore,3,88,Heat,72,1
Offshore,3,88,Heat,96,0
Offshore,3,88,Heat,96,0
Offshore,3,88,Heat,96,0
Offshore,3,88,Heat,96,0
Offshore,3,88,Heat,96,0
Offshore,3,88,Heat,96,0
Offshore,3,89,Heat,72,1
Offshore,3,89,Heat,72,1
Offshore,3,89,Heat,72,1
Offshore,3,89,Heat,72,1
Offshore,3,89,Heat,96,0
Offshore,3,89,Heat,96,0
Offshore,3,89,Heat,96,0
Offshore,3,89,Heat,96,0
Offshore,3,89,Heat,96,0
Offshore,3,89,Heat,96,0
Offshore,3,90,Heat,48,1
Offshore,3,90,Heat,96,0
Offshore,3,90,Heat,96,0
Offshore,3,90,Heat,96,0
Offshore,3,90,Heat,96,0
Offshore,3,90,Heat,96,0
Offshore,3,90,Heat,96,0
Offshore,3,90,Heat,96,0
Offshore,3,90,Heat,96,0
Offshore,3,90,Heat,96,0
Cross,1,91,Heat,24,1
Cross,1,91,Heat,48,1
Cross,1,91,Heat,48,1
Cross,1,91,Heat,96,1
Cross,1,91,Heat,96,1
Cross,1,91,Heat,96,1
Cross,1,91,Heat,96,0
Cross,1,91,Heat,96,0
Cross,1,91,Heat,96,0
Cross,1,91,Heat,96,0
Cross,1,92,Heat,48,1
Cross,1,92,Heat,72,1
Cross,1,92,Heat,72,1
Cross,1,92,Heat,72,1
Cross,1,92,Heat,72,1
Cross,1,92,Heat,96,1
Cross,1,92,Heat,96,0
Cross,1,92,Heat,96,0
Cross,1,92,Heat,96,0
Cross,1,92,Heat,96,0
Cross,1,93,Heat,24,1
Cross,1,93,Heat,24,1
Cross,1,93,Heat,72,1
Cross,1,93,Heat,72,1
Cross,1,93,Heat,96,1
Cross,1,93,Heat,96,0
Cross,1,93,Heat,96,0
Cross,1,93,Heat,96,0
Cross,1,93,Heat,96,0
Cross,1,93,Heat,96,0
Cross,1,94,Heat,72,1
Cross,1,94,Heat,72,1
Cross,1,94,Heat,96,0
Cross,1,94,Heat,96,0
Cross,1,94,Heat,96,0
Cross,1,94,Heat,96,0
Cross,1,94,Heat,96,0
Cross,1,94,Heat,96,0
Cross,1,94,Heat,96,0
Cross,1,94,Heat,96,0
Cross,1,95,Heat,24,1
Cross,1,95,Heat,24,1
Cross,1,95,Heat,24,1
Cross,1,95,Heat,48,1
Cross,1,95,Heat,96,1
Cross,1,95,Heat,96,0
Cross,1,95,Heat,96,0
Cross,1,95,Heat,96,0
Cross,1,95,Heat,96,0
Cross,1,95,Heat,96,0
Cross,1,96,Heat,24,1
Cross,1,96,Heat,24,1
Cross,1,96,Heat,24,1
Cross,1,96,Heat,96,1
Cross,1,96,Heat,96,1
Cross,1,96,Heat,96,0
Cross,1,96,Heat,96,0
Cross,1,96,Heat,96,0
Cross,1,96,Heat,96,0
Cross,1,96,Heat,96,0
Cross,2,97,Heat,24,1
Cross,2,97,Heat,24,1
Cross,2,97,Heat,96,1
Cross,2,97,Heat,96,1
Cross,2,97,Heat,96,1
Cross,2,97,Heat,96,0
Cross,2,97,Heat,96,0
Cross,2,97,Heat,96,0
Cross,2,97,Heat,96,0
Cross,2,97,Heat,96,0
Cross,2,98,Heat,96,1
Cross,2,98,Heat,96,1
Cross,2,98,Heat,96,1
Cross,2,98,Heat,96,0
Cross,2,98,Heat,96,0
Cross,2,98,Heat,96,0
Cross,2,98,Heat,96,0
Cross,2,98,Heat,96,0
Cross,2,98,Heat,96,0
Cross,2,98,Heat,96,0
Cross,2,99,Heat,96,1
Cross,2,99,Heat,96,1
Cross,2,99,Heat,96,1
Cross,2,99,Heat,96,1
Cross,2,99,Heat,96,0
Cross,2,99,Heat,96,0
Cross,2,99,Heat,96,0
Cross,2,99,Heat,96,0
Cross,2,99,Heat,96,0
Cross,2,99,Heat,96,0
Cross,2,100,Heat,96,1
Cross,2,100,Heat,96,1
Cross,2,100,Heat,96,1
Cross,2,100,Heat,96,0
Cross,2,100,Heat,96,0
Cross,2,100,Heat,96,0
Cross,2,100,Heat,96,0
Cross,2,100,Heat,96,0
Cross,2,100,Heat,96,0
Cross,2,100,Heat,96,0
Cross,2,101,Heat,24,1
Cross,2,101,Heat,24,1
Cross,2,101,Heat,24,1
Cross,2,101,Heat,24,1
Cross,2,101,Heat,24,1
Cross,2,101,Heat,96,0
Cross,2,101,Heat,96,0
Cross,2,101,Heat,96,0
Cross,2,101,Heat,96,0
Cross,2,101,Heat,96,0
Cross,2,102,Heat,72,1
Cross,2,102,Heat,96,1
Cross,2,102,Heat,96,1
Cross,2,102,Heat,96,1
Cross,2,102,Heat,96,0
Cross,2,102,Heat,96,0
Cross,2,102,Heat,96,0
Cross,2,102,Heat,96,0
Cross,2,102,Heat,96,0
Cross,2,102,Heat,96,0
Cross,3,103,Heat,24,1
Cross,3,103,Heat,24,1
Cross,3,103,Heat,72,1
Cross,3,103,Heat,72,1
Cross,3,103,Heat,96,1
Cross,3,103,Heat,96,0
Cross,3,103,Heat,96,0
Cross,3,103,Heat,96,0
Cross,3,103,Heat,96,0
Cross,3,103,Heat,96,0
Cross,3,104,Heat,48,1
Cross,3,104,Heat,48,1
Cross,3,104,Heat,72,1
Cross,3,104,Heat,96,1
Cross,3,104,Heat,96,1
Cross,3,104,Heat,96,0
Cross,3,104,Heat,96,0
Cross,3,104,Heat,96,0
Cross,3,104,Heat,96,0
Cross,3,104,Heat,96,0
Cross,3,105,Heat,24,1
Cross,3,105,Heat,24,1
Cross,3,105,Heat,24,1
Cross,3,105,Heat,24,1
Cross,3,105,Heat,48,1
Cross,3,105,Heat,96,0
Cross,3,105,Heat,96,0
Cross,3,105,Heat,96,0
Cross,3,105,Heat,96,0
Cross,3,105,Heat,96,0
Cross,3,106,Heat,24,1
Cross,3,106,Heat,24,1
Cross,3,106,Heat,96,1
Cross,3,106,Heat,96,0
Cross,3,106,Heat,96,0
Cross,3,106,Heat,96,0
Cross,3,106,Heat,96,0
Cross,3,106,Heat,96,0
Cross,3,106,Heat,96,0
Cross,3,106,Heat,96,0
Cross,3,107,Heat,24,1
Cross,3,107,Heat,24,1
Cross,3,107,Heat,24,1
Cross,3,107,Heat,24,1
Cross,3,107,Heat,24,1
Cross,3,107,Heat,24,1
Cross,3,107,Heat,72,1
Cross,3,107,Heat,96,0
Cross,3,107,Heat,96,0
Cross,3,107,Heat,96,0
Cross,3,108,Heat,24,1
Cross,3,108,Heat,24,1
Cross,3,108,Heat,24,1
Cross,3,108,Heat,24,1
Cross,3,108,Heat,24,1
Cross,3,108,Heat,24,1
Cross,3,108,Heat,24,1
Cross,3,108,Heat,24,1
Cross,3,108,Heat,48,1
Cross,3,108,Heat,96,0